filename,gt_x,gt_y,det_x,det_y,error_px,suspect
rim_000.png,38,113,64,69,51.10772935672255,1
rim_001.png,102,61,55,50,48.27007354458868,1
rim_002.png,42,68,53,43,27.313000567495326,1
rim_003.png,49,69,55,65,7.211102550927978,0
rim_004.png,68,66,44,68,24.08318915758459,1
rim_005.png,61,64,53,58,10.0,0
rim_006.png,71,105,,,,1
rim_007.png,30,76,,,,1
rim_008.png,23,40,76,49,53.75872022286245,1
rim_009.png,53,76,82,64,31.38470965295043,1
rim_010.png,72,67,61,51,19.4164878389476,1
rim_011.png,96,64,55,41,47.01063709417264,1
rim_012.png,81,93,70,73,22.825424421026653,1
rim_013.png,80,107,62,58,52.20153254455275,1
rim_014.png,73,109,59,81,31.304951684997057,1
rim_015.png,60,127,47,99,30.870698080866262,1
rim_016.png,77,58,46,53,31.400636936215164,1
rim_017.png,72,76,57,70,16.15549442140351,1
rim_018.png,67,105,87,47,61.35144660071187,1
rim_019.png,66,77,83,61,23.345235059857504,1
rim_020.png,59,48,73,63,20.518284528683193,1
rim_021.png,88,70,43,62,45.70557952810576,1
rim_022.png,65,68,59,35,33.54101966249684,1
rim_023.png,77,55,46,71,34.88552708502482,1
rim_024.png,56,65,47,29,37.107950630558946,1
rim_025.png,82,60,99,34,31.064449134018133,1
rim_026.png,57,112,53,68,44.181444068749045,1
rim_027.png,36,93,69,58,48.104053883222775,1
rim_028.png,73,112,83,73,40.26164427839479,1
rim_029.png,48,69,80,62,32.7566787083184,1
rim_030.png,69,106,44,50,61.326992425847855,1
rim_031.png,68,69,37,69,31.0,1
rim_032.png,57,123,80,86,43.56604182158393,1
rim_033.png,32,74,65,76,33.06055050963308,1
rim_034.png,91,116,85,83,33.54101966249684,1
rim_035.png,69,88,92,44,49.64876634922564,1
rim_036.png,64,119,65,64,55.00909015790027,1
rim_037.png,98,105,109,49,57.0701322935211,1
rim_038.png,51,88,68,77,20.248456731316587,1
rim_039.png,59,118,63,85,33.24154027718932,1
rim_040.png,95,51,,,,1
rim_041.png,29,76,,,,1
rim_042.png,62,81,61,41,40.01249804748511,1
rim_043.png,86,61,67,32,34.66987164671943,1
rim_044.png,72,83,77,71,13.0,0
rim_045.png,34,106,61,97,28.460498941515414,1
rim_046.png,99,97,125,89,27.202941017470888,1
rim_047.png,70,52,46,56,24.331050121192877,1
rim_048.png,80,90,70,55,36.40054944640259,1
rim_049.png,70,77,80,50,28.792360097775937,1
rim_050.png,72,77,67,79,5.385164807134504,0
rim_051.png,38,28,,,,1
rim_052.png,91,57,59,55,32.0624390837628,1
rim_053.png,85,93,76,62,32.28002478313795,1
rim_054.png,61,59,65,35,24.331050121192877,1
rim_055.png,57,76,65,76,8.0,0
rim_056.png,79,101,69,55,47.07440918375928,1
rim_057.png,97,118,58,68,63.41135544995076,1
rim_058.png,54,113,31,105,24.351591323771842,1
rim_059.png,51,63,69,55,19.697715603592208,1
rim_060.png,33,87,75,76,43.41658669218482,1
rim_061.png,73,54,81,26,29.120439557122072,1
rim_062.png,34,59,65,75,34.88552708502482,1
rim_063.png,64,109,55,79,31.32091952673165,1
rim_064.png,40,104,85,65,59.54829972383762,1
rim_065.png,51,69,71,58,22.825424421026653,1
rim_066.png,66,54,69,74,20.223748416156685,1
rim_067.png,84,61,58,53,27.202941017470888,1
rim_068.png,50,89,67,85,17.46424919657298,1
rim_069.png,72,89,67,57,32.38826948140329,1
rim_070.png,60,72,71,61,15.556349186104045,1
rim_071.png,89,70,125,98,45.60701700396552,1
rim_072.png,61,51,83,63,25.059928172283335,1
rim_073.png,86,114,67,49,67.72001181334805,1
rim_074.png,40,75,14,62,29.068883707497267,1
rim_075.png,91,78,82,43,36.138621999185304,1
rim_076.png,79,121,52,87,43.41658669218482,1
rim_077.png,36,60,71,59,35.014282800023196,1
rim_078.png,80,68,86,41,27.65863337187866,1
rim_079.png,100,52,,,,1
rim_080.png,81,67,69,53,18.439088914585774,1
rim_081.png,57,61,55,77,16.1245154965971,1
rim_082.png,49,63,64,74,18.601075237738275,1
rim_083.png,57,80,87,62,34.9857113690718,1
rim_084.png,29,58,43,39,23.600847442411894,1
rim_085.png,53,115,62,99,18.35755975068582,1
rim_086.png,84,63,46,58,38.3275357934736,1
rim_087.png,39,119,37,71,48.041648597857254,1
rim_088.png,31,70,49,37,37.589892258425,1
rim_089.png,92,111,64,80,41.773197148410844,1
rim_090.png,86,95,,,,1
rim_091.png,53,108,53,68,40.0,1
rim_092.png,53,63,59,67,7.211102550927978,0
rim_093.png,105,62,88,52,19.72308292331602,1
rim_094.png,71,101,82,67,35.73513677041127,1
rim_095.png,96,114,103,57,57.42821606144492,1
rim_096.png,53,75,79,58,31.064449134018133,1
rim_097.png,91,110,,,,1
rim_098.png,91,124,104,103,24.698178070456937,1
rim_099.png,93,32,92,83,51.0098029794274,1
rim_100.png,94,79,83,53,28.231188426986208,1
rim_101.png,87,65,62,55,26.92582403567252,1
rim_102.png,37,111,51,57,55.78530272392541,1
rim_103.png,96,62,59,61,37.013511046643494,1
rim_104.png,34,91,40,70,21.840329667841555,1
rim_105.png,72,63,49,55,24.351591323771842,1
rim_106.png,57,77,85,64,30.870698080866262,1
rim_107.png,94,58,71,47,25.495097567963924,1
rim_108.png,85,117,95,106,14.866068747318506,0
rim_109.png,21,31,,,,1
rim_110.png,36,52,44,43,12.041594578792296,0
rim_111.png,43,98,58,65,36.24913792078372,1
rim_112.png,67,117,71,53,64.1248781675256,1
rim_113.png,60,75,73,53,25.553864678361276,1
rim_114.png,81,71,65,58,20.615528128088304,1
rim_115.png,49,64,63,76,18.439088914585774,1
rim_116.png,48,57,76,45,30.463092423455635,1
rim_117.png,74,69,55,76,20.248456731316587,1
rim_118.png,91,73,74,47,31.064449134018133,1
rim_119.png,23,118,61,67,63.60031446463138,1
rim_120.png,80,77,62,75,18.110770276274835,1
rim_121.png,25,83,56,65,35.84689665786984,1
rim_122.png,66,65,89,68,23.194827009486403,1
rim_123.png,31,73,4,61,29.546573405388315,1
rim_124.png,58,84,77,37,50.695167422546305,1
rim_125.png,71,73,62,69,9.848857801796104,0
rim_126.png,68,104,46,62,47.41307836451879,1
rim_127.png,67,69,46,61,22.47220505424423,1
rim_128.png,90,85,61,69,33.12099032335839,1
rim_129.png,44,69,65,55,25.238858928247925,1
rim_130.png,84,100,97,55,46.84015371452148,1
rim_131.png,37,71,50,29,43.965895873961216,1
rim_132.png,46,81,41,55,26.476404589747453,1
rim_133.png,78,90,59,75,24.20743687382041,1
rim_134.png,57,88,76,67,28.319604517012593,1
rim_135.png,33,79,65,76,32.14031735997639,1
rim_136.png,66,64,57,37,28.460498941515414,1
rim_137.png,50,59,20,39,36.05551275463989,1
rim_138.png,108,117,58,38,93.49331526906082,1
rim_139.png,56,110,64,58,52.61178575186362,1
rim_140.png,44,60,70,71,28.231188426986208,1
rim_141.png,68,75,67,55,20.024984394500787,1
rim_142.png,69,79,62,62,18.384776310850235,1
rim_143.png,36,85,56,86,20.024984394500787,1
rim_144.png,43,55,,,,1
rim_145.png,71,50,62,64,16.64331697709324,1
rim_146.png,69,64,64,85,21.587033144922902,1
rim_147.png,96,91,,,,1
rim_148.png,56,64,87,56,32.01562118716424,1
rim_149.png,78,65,76,43,22.090722034374522,1
rim_150.png,41,96,49,40,56.568542494923804,1
rim_151.png,60,60,73,71,17.029386365926403,1
rim_152.png,50,109,26,100,25.632011235952593,1
rim_153.png,109,84,103,52,32.55764119219941,1
rim_154.png,68,75,45,43,39.408120990476064,1
rim_155.png,73,87,,,,1
rim_156.png,68,102,52,80,27.202941017470888,1
rim_157.png,62,98,67,62,36.345563690772494,1
rim_158.png,114,99,,,,1
rim_159.png,87,98,55,59,50.44799302251776,1
rim_160.png,49,71,62,44,29.966648127543394,1
rim_161.png,54,52,61,83,31.78049716414141,1
rim_162.png,79,65,58,58,22.135943621178654,1
rim_163.png,94,102,86,75,28.160255680657446,1
rim_164.png,42,75,44,43,32.0624390837628,1
rim_165.png,76,127,65,71,57.0701322935211,1
rim_166.png,52,59,71,65,19.924858845171276,1
rim_167.png,31,67,65,41,42.80186911806539,1
rim_168.png,63,105,76,51,55.54277630799526,1
rim_169.png,44,85,23,70,25.80697580112788,1
rim_170.png,83,103,87,80,23.345235059857504,1
rim_171.png,90,82,64,74,27.202941017470888,1
rim_172.png,101,122,81,86,41.182520563948,1
rim_173.png,59,101,46,77,27.294688127912362,1
rim_174.png,68,90,71,68,22.20360331117452,1
rim_175.png,36,101,53,100,17.029386365926403,1
rim_176.png,114,58,,,,1
rim_177.png,97,85,95,49,36.05551275463989,1
rim_178.png,72,64,56,33,34.88552708502482,1
rim_179.png,30,79,11,50,34.66987164671943,1
rim_180.png,83,58,61,41,27.80287754891569,1
rim_181.png,33,89,40,46,43.56604182158393,1
rim_182.png,45,108,31,95,19.1049731745428,1
rim_183.png,100,73,,,,1
rim_184.png,43,81,63,39,46.51881339845203,1
rim_185.png,47,49,52,39,11.180339887498949,0
rim_186.png,90,116,88,77,39.05124837953327,1
rim_187.png,106,42,,,,1
rim_188.png,39,76,65,69,26.92582403567252,1
rim_189.png,91,48,77,64,21.2602916254693,1
rim_190.png,45,109,,,,1
rim_191.png,71,114,99,107,28.861739379323623,1
rim_192.png,70,75,43,77,27.073972741361768,1
rim_193.png,108,123,55,111,54.3415126767741,1
rim_194.png,124,100,,,,1
rim_195.png,58,74,94,74,36.0,1
rim_196.png,26,76,65,69,39.6232255123179,1
rim_197.png,92,122,79,80,43.965895873961216,1
rim_198.png,70,53,,,,1
rim_199.png,33,86,79,73,47.80167361086848,1
rim_200.png,94,70,69,74,25.317977802344327,1
rim_201.png,95,80,94,34,46.010868281309364,1
rim_202.png,44,84,71,47,45.803929962395145,1
rim_203.png,65,73,70,55,18.681541692269406,1
rim_204.png,92,109,67,97,27.730849247724095,1
rim_205.png,23,64,59,43,41.677331968349414,1
rim_206.png,76,67,85,83,18.35755975068582,1
rim_207.png,36,74,26,52,24.166091947189145,1
rim_208.png,60,54,68,37,18.788294228055936,1
rim_209.png,85,76,52,79,33.13608305156178,1
rim_210.png,118,83,,,,1
rim_211.png,62,105,73,47,59.033888572581766,1
rim_212.png,45,62,43,87,25.079872407968907,1
rim_213.png,82,84,22,77,60.40695324215582,1
rim_214.png,49,66,71,53,25.553864678361276,1
rim_215.png,34,74,5,50,37.64306044943742,1
rim_216.png,100,47,67,49,33.06055050963308,1
rim_217.png,83,70,63,55,25.0,1
rim_218.png,111,71,52,49,62.96824596572466,1
rim_219.png,50,73,43,45,28.861739379323623,1
rim_220.png,99,43,,,,1
rim_221.png,86,87,59,83,27.294688127912362,1
rim_222.png,34,75,57,71,23.345235059857504,1
rim_223.png,68,101,,,,1
rim_224.png,83,47,101,49,18.110770276274835,1
rim_225.png,87,115,56,58,64.88451279003334,1
rim_226.png,64,86,70,57,29.614185789921695,1
rim_227.png,34,55,14,50,20.615528128088304,1
rim_228.png,68,89,63,58,31.400636936215164,1
rim_229.png,95,68,71,65,24.186773244895647,1
rim_230.png,46,45,,,,1
rim_231.png,52,107,70,58,52.20153254455275,1
rim_232.png,72,78,65,39,39.6232255123179,1
rim_233.png,65,72,69,39,33.24154027718932,1
rim_234.png,75,106,63,87,22.47220505424423,1
rim_235.png,44,70,,,,1
rim_236.png,51,99,,,,1
rim_237.png,89,66,62,74,28.160255680657446,1
rim_238.png,28,84,28,62,22.0,1
rim_239.png,98,63,37,103,72.94518489934754,1
rim_240.png,43,123,43,76,47.0,1
rim_241.png,76,103,63,80,26.419689627245813,1
rim_242.png,42,77,49,55,23.08679276123039,1
rim_243.png,101,79,,,,1
rim_244.png,51,59,80,45,32.202484376209235,1
rim_245.png,41,109,35,63,46.389654018972806,1
rim_246.png,23,63,13,77,17.204650534085253,1
rim_247.png,33,83,45,61,25.059928172283335,1
rim_248.png,97,81,104,61,21.18962010041709,1
rim_249.png,92,97,89,38,59.07622195096772,1
rim_250.png,77,63,100,53,25.079872407968907,1
rim_251.png,75,102,80,82,20.615528128088304,1
rim_252.png,60,106,68,79,28.160255680657446,1
rim_253.png,48,75,59,43,33.83784863137726,1
rim_254.png,91,127,59,97,43.86342439892262,1
rim_255.png,41,89,53,49,41.7612260356422,1
rim_256.png,40,106,37,69,37.12142238654117,1
rim_257.png,39,52,26,40,17.69180601295413,1
rim_258.png,47,76,46,52,24.020824298928627,1
rim_259.png,67,95,79,63,34.17601498127012,1
rim_260.png,71,58,53,59,18.027756377319946,1
rim_261.png,46,59,69,56,23.194827009486403,1
rim_262.png,83,98,99,75,28.0178514522438,1
rim_263.png,64,102,49,45,58.9406481131655,1
rim_264.png,96,59,67,38,35.805027579936315,1
rim_265.png,39,94,33,61,33.54101966249684,1
rim_266.png,68,101,79,74,29.154759474226502,1
rim_267.png,57,65,77,71,20.8806130178211,1
rim_268.png,95,109,82,77,34.539832078341085,1
rim_269.png,69,81,56,56,28.178005607210743,1
rim_270.png,28,97,124,81,97.32420048477151,1
rim_271.png,45,95,17,94,28.0178514522438,1
rim_272.png,70,97,75,44,53.23532661682466,1
rim_273.png,45,116,63,93,29.206163733020468,1
rim_274.png,34,102,40,73,29.614185789921695,1
rim_275.png,16,86,,,,1
rim_276.png,81,81,43,79,38.05259518088089,1
rim_277.png,79,63,89,31,33.52610922848042,1
rim_278.png,38,88,21,65,28.600699292150182,1
rim_279.png,62,71,77,49,26.627053911388696,1
rim_280.png,79,112,70,81,32.28002478313795,1
rim_281.png,55,62,,,,1
rim_282.png,56,61,51,29,32.38826948140329,1
rim_283.png,42,67,75,58,34.20526275297414,1
rim_284.png,45,81,51,61,20.8806130178211,1
rim_285.png,58,79,57,38,41.012193308819754,1
rim_286.png,40,120,85,85,57.0087712549569,1
rim_287.png,32,60,,,,1
rim_288.png,51,60,57,25,35.510561809129406,1
rim_289.png,94,55,68,74,32.202484376209235,1
rim_290.png,55,63,70,80,22.67156809750927,1
rim_291.png,62,50,73,79,31.016124838541646,1
rim_292.png,98,67,62,39,45.60701700396552,1
rim_293.png,87,77,77,57,22.360679774997898,1
rim_294.png,45,66,67,13,57.38466694161429,1
rim_295.png,44,116,38,74,42.42640687119285,1
rim_296.png,84,54,62,61,23.08679276123039,1
rim_297.png,81,85,82,46,39.01281840626232,1
rim_298.png,95,112,113,79,37.589892258425,1
rim_299.png,76,81,52,68,27.294688127912362,1
rim_300.png,40,70,69,57,31.78049716414141,1
rim_301.png,76,43,43,38,33.37663853655727,1
rim_302.png,92,97,64,86,30.083217912982647,1
rim_303.png,70,79,64,59,20.8806130178211,1
rim_304.png,56,89,46,55,35.4400902933387,1
rim_305.png,92,57,,,,1
rim_306.png,39,79,45,43,36.49657518178932,1
rim_307.png,56,77,95,77,39.0,1
rim_308.png,52,82,71,61,28.319604517012593,1
rim_309.png,22,117,51,67,57.8013840664737,1
rim_310.png,64,83,55,56,28.460498941515414,1
rim_311.png,25,121,3,111,24.166091947189145,1
rim_312.png,59,55,81,45,24.166091947189145,1
rim_313.png,59,86,75,67,24.839484696748443,1
rim_314.png,77,105,65,74,33.24154027718932,1
rim_315.png,29,47,63,49,34.058772731852805,1
rim_316.png,93,52,125,49,32.14031735997639,1
rim_317.png,34,94,,,,1
rim_318.png,52,101,51,65,36.013886210738214,1
rim_319.png,47,59,86,51,39.81205847478876,1
rim_320.png,71,45,77,63,18.973665961010276,1
rim_321.png,32,127,68,71,66.57326790837296,1
rim_322.png,46,113,22,104,25.632011235952593,1
rim_323.png,57,111,56,80,31.016124838541646,1
rim_324.png,44,90,71,86,27.294688127912362,1
rim_325.png,66,111,53,62,50.695167422546305,1
rim_326.png,68,84,57,52,33.83784863137726,1
rim_327.png,37,88,39,64,24.08318915758459,1
rim_328.png,81,65,47,57,34.92849839314596,1
rim_329.png,56,65,77,65,21.0,1
rim_330.png,88,113,82,85,28.635642126552707,1
rim_331.png,37,65,63,9,61.741396161732524,1
rim_332.png,42,94,51,70,25.632011235952593,1
rim_333.png,72,50,,,,1
rim_334.png,50,94,69,85,21.02379604162864,1
rim_335.png,73,62,65,49,15.264337522473747,1
rim_336.png,91,59,68,45,26.92582403567252,1
rim_337.png,70,108,70,53,55.0,1
rim_338.png,92,104,81,83,23.706539182259394,1
rim_339.png,78,103,64,61,44.27188724235731,1
rim_340.png,33,93,21,69,26.832815729997478,1
rim_341.png,22,94,57,83,36.68787265568828,1
rim_342.png,50,67,71,71,21.37755832643195,1
rim_343.png,59,110,,,,1
rim_344.png,30,73,51,50,31.144823004794873,1
rim_345.png,61,118,91,89,41.72529209005013,1
rim_346.png,92,113,87,85,28.442925306655784,1
rim_347.png,96,91,79,69,27.80287754891569,1
rim_348.png,53,79,83,69,31.622776601683793,1
rim_349.png,34,86,67,91,33.37663853655727,1
rim_350.png,44,70,61,39,35.35533905932738,1
rim_351.png,36,74,73,55,41.593268686170845,1
rim_352.png,32,88,26,51,37.48332962798263,1
rim_353.png,34,118,22,98,23.323807579381203,1
rim_354.png,87,122,67,77,49.24428900898052,1
rim_355.png,23,52,92,29,72.73238618387272,1
rim_356.png,78,72,69,53,21.02379604162864,1
rim_357.png,75,70,62,49,24.698178070456937,1
rim_358.png,41,100,33,55,45.70557952810576,1
rim_359.png,72,83,59,58,28.178005607210743,1
rim_360.png,58,110,62,74,36.22154055254967,1
rim_361.png,63,103,63,65,38.0,1
rim_362.png,51,66,61,55,14.866068747318506,0
rim_363.png,90,70,76,50,24.413111231467404,1
rim_364.png,82,120,62,40,82.46211251235322,1
rim_365.png,35,109,68,93,36.6742416417845,1
rim_366.png,30,70,40,53,19.72308292331602,1
rim_367.png,63,80,61,43,37.05401462729781,1
rim_368.png,40,80,7,50,44.598206241955516,1
rim_369.png,37,108,31,86,22.80350850198276,1
rim_370.png,48,76,58,47,30.675723300355934,1
rim_371.png,109,97,,,,1
rim_372.png,29,51,74,75,51.0,1
rim_373.png,40,63,71,62,31.016124838541646,1
rim_374.png,71,91,81,51,41.23105625617661,1
rim_375.png,41,108,9,83,40.607881008493905,1
rim_376.png,74,95,61,69,29.068883707497267,1
rim_377.png,35,46,,,,1
rim_378.png,65,103,64,47,56.00892785976178,1
rim_379.png,45,48,100,43,55.226805085936306,1
rim_380.png,89,51,117,73,35.608987629529715,1
rim_381.png,64,91,50,46,47.12748667179272,1
rim_382.png,67,67,47,51,25.612496949731394,1
rim_383.png,29,83,17,62,24.186773244895647,1
rim_384.png,26,106,,,,1
rim_385.png,46,71,64,53,25.45584412271571,1
rim_386.png,56,95,69,65,32.69556544854363,1
rim_387.png,24,99,17,59,40.607881008493905,1
rim_388.png,95,39,65,38,30.01666203960727,1
rim_389.png,53,104,35,62,45.69463863518345,1
rim_390.png,43,63,63,45,26.90724809414742,1
rim_391.png,48,61,62,88,30.4138126514911,1
rim_392.png,24,108,55,86,38.01315561749642,1
rim_393.png,78,66,57,75,22.847319317591726,1
rim_394.png,73,58,81,52,10.0,0
rim_395.png,72,125,49,116,24.698178070456937,1
rim_396.png,84,60,109,128,72.44998274671983,1
rim_397.png,43,90,19,65,34.655446902326915,1
rim_398.png,72,103,58,79,27.784887978899608,1
rim_399.png,54,61,105,55,51.35172830587107,1
rim_400.png,29,81,37,50,32.01562118716424,1
rim_401.png,28,59,,,,1
rim_402.png,84,63,125,35,49.64876634922564,1
rim_403.png,63,106,67,59,47.16990566028302,1
rim_404.png,84,93,46,50,57.38466694161429,1
rim_405.png,43,97,59,74,28.0178514522438,1
rim_406.png,69,121,49,70,54.78138369920935,1
rim_407.png,83,67,,,,1
rim_408.png,93,62,92,41,21.02379604162864,1
rim_409.png,74,86,55,61,31.400636936215164,1
rim_410.png,72,70,39,67,33.13608305156178,1
rim_411.png,71,81,73,56,25.079872407968907,1
rim_412.png,101,93,98,62,31.144823004794873,1
rim_413.png,53,101,69,70,34.88552708502482,1
rim_414.png,44,73,52,59,16.1245154965971,1
rim_415.png,99,76,,,,1
rim_416.png,65,55,71,71,17.08800749063506,1
rim_417.png,82,128,,,,1
rim_418.png,35,55,29,31,24.73863375370596,1
rim_419.png,63,86,43,67,27.586228448267445,1
rim_420.png,92,77,113,58,28.319604517012593,1
rim_421.png,66,86,64,64,22.090722034374522,1
rim_422.png,71,59,39,52,32.7566787083184,1
rim_423.png,43,116,87,53,76.84399781375251,1
rim_424.png,54,86,65,61,27.313000567495326,1
rim_425.png,76,52,86,83,32.57299494980466,1
rim_426.png,66,109,52,39,71.386273190299,1
rim_427.png,61,72,49,47,27.730849247724095,1
rim_428.png,37,107,52,77,33.54101966249684,1
rim_429.png,82,111,,,,1
rim_430.png,68,76,51,35,44.384682042344295,1
rim_431.png,55,110,75,77,38.58756276314948,1
rim_432.png,106,71,128,86,26.627053911388696,1
rim_433.png,94,72,107,50,25.553864678361276,1
rim_434.png,25,58,,,,1
rim_435.png,74,45,69,77,32.38826948140329,1
rim_436.png,42,73,59,73,17.0,1
rim_437.png,77,74,67,56,20.591260281974,1
rim_438.png,93,122,75,98,30.0,1
rim_439.png,59,67,74,74,16.55294535724685,1
rim_440.png,81,66,95,49,22.02271554554524,1
rim_441.png,47,73,57,65,12.806248474865697,0
rim_442.png,41,72,,,,1
rim_443.png,47,73,25,52,30.4138126514911,1
rim_444.png,84,111,,,,1
rim_445.png,63,57,38,37,32.01562118716424,1
rim_446.png,77,107,23,107,54.0,1
rim_447.png,75,31,74,63,32.01562118716424,1
rim_448.png,49,79,67,49,34.9857113690718,1
rim_449.png,59,63,26,34,43.93176527297759,1
rim_450.png,34,49,65,65,34.88552708502482,1
rim_451.png,52,50,73,112,65.45991139621256,1
rim_452.png,65,95,63,43,52.03844732503075,1
rim_453.png,95,68,127,62,32.55764119219941,1
rim_454.png,59,73,69,38,36.40054944640259,1
rim_455.png,23,96,52,93,29.154759474226502,1
rim_456.png,79,113,89,75,39.293765408777,1
rim_457.png,78,91,75,52,39.11521443121589,1
rim_458.png,90,100,67,83,28.600699292150182,1
rim_459.png,88,67,71,53,22.02271554554524,1
rim_460.png,69,68,44,61,25.96150997149434,1
rim_461.png,42,98,49,73,25.96150997149434,1
rim_462.png,89,42,115,110,72.80109889280519,1
rim_463.png,72,56,70,21,35.05709628591621,1
rim_464.png,59,53,79,46,21.18962010041709,1
rim_465.png,75,46,56,38,20.615528128088304,1
rim_466.png,60,120,53,91,29.832867780352597,1
rim_467.png,64,90,61,76,14.317821063276353,0
rim_468.png,53,102,63,71,32.57299494980466,1
rim_469.png,89,66,68,75,22.847319317591726,1
rim_470.png,45,62,65,47,25.0,1
rim_471.png,61,38,37,39,24.020824298928627,1
rim_472.png,51,57,46,81,24.515301344262525,1
rim_473.png,58,116,61,89,27.16615541441225,1
rim_474.png,78,113,56,99,26.076809620810597,1
rim_475.png,88,83,,,,1
rim_476.png,68,70,70,53,17.11724276862369,1
rim_477.png,101,64,79,26,43.9089968002003,1
rim_478.png,67,113,95,112,28.0178514522438,1
rim_479.png,66,79,104,56,44.41846462902562,1
rim_480.png,101,67,52,46,53.31041174104736,1
rim_481.png,45,75,62,63,20.808652046684813,1
rim_482.png,95,109,,,,1
rim_483.png,49,86,63,50,38.62641583165593,1
rim_484.png,66,51,63,73,22.20360331117452,1
rim_485.png,46,113,,,,1
rim_486.png,93,65,43,98,59.90826320300064,1
rim_487.png,83,106,76,75,31.78049716414141,1
rim_488.png,76,72,101,68,25.317977802344327,1
rim_489.png,44,58,73,50,30.083217912982647,1
rim_490.png,78,100,71,59,41.593268686170845,1
rim_491.png,75,67,56,61,19.924858845171276,1
rim_492.png,55,77,80,70,25.96150997149434,1
rim_493.png,45,67,43,37,30.066592756745816,1
rim_494.png,39,89,70,68,37.44329045369811,1
rim_495.png,36,77,63,56,34.20526275297414,1
rim_496.png,92,82,106,74,16.1245154965971,1
rim_497.png,40,67,65,43,34.655446902326915,1
rim_498.png,25,123,67,118,42.2965719651132,1
rim_499.png,47,78,70,63,27.459060435491963,1
rim_500.png,82,84,80,57,27.073972741361768,1
rim_501.png,36,49,,,,1
rim_502.png,59,86,74,46,42.720018726587654,1
rim_503.png,72,91,56,64,31.38470965295043,1
rim_504.png,77,93,67,59,35.4400902933387,1
rim_505.png,47,69,7,62,40.607881008493905,1
rim_506.png,64,87,,,,1
rim_507.png,57,102,45,74,30.463092423455635,1
rim_508.png,61,69,83,64,22.561028345356956,1
rim_509.png,48,113,52,92,21.37755832643195,1
rim_510.png,87,65,83,29,36.22154055254967,1
rim_511.png,72,93,61,69,26.40075756488817,1
rim_512.png,77,120,62,101,24.20743687382041,1
rim_513.png,69,71,57,47,26.832815729997478,1
rim_514.png,45,70,56,62,13.601470508735444,0
rim_515.png,44,96,31,52,45.880278987817846,1
rim_516.png,58,56,63,37,19.6468827043885,1
rim_517.png,68,93,81,74,23.021728866442675,1
rim_518.png,82,66,65,50,23.345235059857504,1
rim_519.png,46,46,52,37,10.816653826391969,0
rim_520.png,51,110,55,46,64.1248781675256,1
rim_521.png,107,98,128,64,39.96248240537617,1
rim_522.png,91,74,40,77,51.088159097779204,1
rim_523.png,94,57,73,68,23.706539182259394,1
rim_524.png,50,117,55,68,49.25444142409901,1
rim_525.png,72,101,45,53,55.072679252057455,1
rim_526.png,57,86,75,71,23.430749027719962,1
rim_527.png,30,90,112,68,84.8999411071645,1
rim_528.png,102,76,69,73,33.13608305156178,1
rim_529.png,40,110,58,65,48.46648326421054,1
rim_530.png,64,55,77,85,32.69556544854363,1
rim_531.png,80,103,77,70,33.13608305156178,1
rim_532.png,102,36,,,,1
rim_533.png,84,74,74,46,29.732137494637012,1
rim_534.png,30,122,53,101,31.144823004794873,1
rim_535.png,86,86,75,70,19.4164878389476,1
rim_536.png,63,85,70,55,30.805843601498726,1
rim_537.png,51,83,34,70,21.400934559032695,1
rim_538.png,57,99,53,61,38.2099463490856,1
rim_539.png,81,53,59,52,22.02271554554524,1
rim_540.png,54,102,63,77,26.570660511172846,1
rim_541.png,79,103,55,79,33.94112549695428,1
rim_542.png,43,77,52,44,34.20526275297414,1
rim_543.png,95,58,67,50,29.120439557122072,1
rim_544.png,81,45,44,58,39.21734310225516,1
rim_545.png,63,67,38,56,27.313000567495326,1
rim_546.png,63,113,69,65,48.373546489791295,1
rim_547.png,74,89,75,62,27.018512172212592,1
rim_548.png,80,88,104,52,43.266615305567875,1
rim_549.png,53,48,75,50,22.090722034374522,1
rim_550.png,88,118,97,67,51.78802950489621,1
rim_551.png,41,62,81,35,48.25971404805462,1
rim_552.png,95,103,87,71,32.984845004941285,1
rim_553.png,57,78,51,44,34.52535300326414,1
rim_554.png,42,100,68,62,46.04345773288535,1
rim_555.png,92,118,91,64,54.00925846556311,1
rim_556.png,76,63,64,41,25.059928172283335,1
rim_557.png,54,84,67,67,21.400934559032695,1
rim_558.png,54,51,68,69,22.80350850198276,1
rim_559.png,102,94,109,65,29.832867780352597,1
rim_560.png,74,79,76,62,17.11724276862369,1
rim_561.png,70,84,55,64,25.0,1
rim_562.png,60,58,59,64,6.082762530298219,0
rim_563.png,102,54,106,82,28.284271247461902,1
rim_564.png,57,82,28,56,38.948684188300895,1
rim_565.png,91,79,105,51,31.304951684997057,1
rim_566.png,28,72,71,58,45.221676218380054,1
rim_567.png,100,88,,,,1
rim_568.png,74,56,83,82,27.51363298439521,1
rim_569.png,68,103,46,88,26.627053911388696,1
rim_570.png,34,78,53,65,23.021728866442675,1
rim_571.png,36,44,,,,1
rim_572.png,28,56,62,71,37.16180835212409,1
rim_573.png,69,104,,,,1
rim_574.png,73,88,61,62,28.635642126552707,1
rim_575.png,60,70,83,68,23.08679276123039,1
rim_576.png,80,127,77,73,54.08326913195984,1
rim_577.png,60,87,62,43,44.04543109109048,1
rim_578.png,50,83,65,62,25.80697580112788,1
rim_579.png,81,112,81,63,49.0,1
rim_580.png,55,59,61,31,28.635642126552707,1
rim_581.png,34,125,49,101,28.30194339616981,1
rim_582.png,69,91,71,69,22.090722034374522,1
rim_583.png,86,73,77,65,12.041594578792296,0
rim_584.png,90,73,,,,1
rim_585.png,100,68,,,,1
rim_586.png,51,102,69,76,31.622776601683793,1
rim_587.png,31,70,7,45,34.655446902326915,1
rim_588.png,82,100,56,67,42.01190307520001,1
rim_589.png,103,109,93,82,28.792360097775937,1
rim_590.png,86,113,94,70,43.73785545725808,1
rim_591.png,30,97,59,86,31.016124838541646,1
rim_592.png,21,56,61,22,52.49761899362675,1
rim_593.png,76,85,63,62,26.419689627245813,1
rim_594.png,90,66,,,,1
rim_595.png,29,85,,,,1
rim_596.png,58,72,46,63,15.0,0
rim_597.png,87,68,62,75,25.96150997149434,1
rim_598.png,60,68,70,44,26.0,1
rim_599.png,60,118,44,73,47.75981574503821,1
rim_600.png,39,53,,,,1
rim_601.png,65,91,74,52,40.024992192379,1
rim_602.png,30,39,39,45,10.816653826391969,0
rim_603.png,42,96,,,,1
rim_604.png,28,73,71,69,43.18564576337837,1
rim_605.png,86,103,67,100,19.235384061671343,1
rim_606.png,86,59,62,53,24.73863375370596,1
rim_607.png,110,46,79,63,35.35533905932738,1
rim_608.png,122,123,,,,1
rim_609.png,27,120,14,103,21.400934559032695,1
rim_610.png,109,96,46,61,72.069410986909,1
rim_611.png,43,81,38,62,19.6468827043885,1
rim_612.png,64,66,40,65,24.020824298928627,1
rim_613.png,62,111,70,81,31.04834939252005,1
rim_614.png,23,121,11,69,53.36665625650534,1
rim_615.png,43,65,22,50,25.80697580112788,1
rim_616.png,104,45,83,32,24.698178070456937,1
rim_617.png,52,43,75,57,26.92582403567252,1
rim_618.png,41,75,76,77,35.05709628591621,1
rim_619.png,74,86,76,43,43.04648650006177,1
rim_620.png,86,68,76,39,30.675723300355934,1
rim_621.png,61,94,56,67,27.459060435491963,1
rim_622.png,56,93,19,91,37.05401462729781,1
rim_623.png,28,57,,,,1
rim_624.png,44,61,44,83,22.0,1
rim_625.png,69,54,49,50,20.396078054371138,1
rim_626.png,44,73,82,87,40.496913462633174,1
rim_627.png,54,113,,,,1
rim_628.png,66,77,63,51,26.1725046566048,1
rim_629.png,51,55,67,75,25.612496949731394,1
rim_630.png,64,95,58,59,36.49657518178932,1
rim_631.png,34,38,80,46,46.69047011971501,1
rim_632.png,92,82,81,52,31.953090617340916,1
rim_633.png,88,42,43,63,49.658836071740545,1
rim_634.png,34,102,9,95,25.96150997149434,1
rim_635.png,89,92,59,70,37.20215047547655,1
rim_636.png,46,100,75,88,31.38470965295043,1
rim_637.png,63,66,55,55,13.601470508735444,0
rim_638.png,59,58,59,80,22.0,1
rim_639.png,77,126,92,94,35.34119409414458,1
rim_640.png,79,87,59,76,22.825424421026653,1
rim_641.png,87,57,63,73,28.844410203711913,1
rim_642.png,90,115,76,63,53.85164807134504,1
rim_643.png,65,101,65,65,36.0,1
rim_644.png,53,125,88,50,82.76472678623425,1
rim_645.png,36,56,65,63,29.832867780352597,1
rim_646.png,71,128,71,86,42.0,1
rim_647.png,64,100,58,73,27.65863337187866,1
rim_648.png,71,72,112,112,57.28001396647874,1
rim_649.png,121,75,,,,1
rim_650.png,34,92,50,63,33.12099032335839,1
rim_651.png,38,117,23,59,59.90826320300064,1
rim_652.png,77,94,57,69,32.01562118716424,1
rim_653.png,74,91,82,65,27.202941017470888,1
rim_654.png,72,102,55,65,40.718546143004666,1
rim_655.png,50,89,27,52,43.56604182158393,1
rim_656.png,80,56,73,53,7.615773105863909,0
rim_657.png,28,121,19,44,77.52418977325722,1
rim_658.png,76,91,,,,1
rim_659.png,71,50,79,29,22.47220505424423,1
rim_660.png,47,69,79,55,34.92849839314596,1
rim_661.png,60,58,62,88,30.066592756745816,1
rim_662.png,80,120,63,99,27.018512172212592,1
rim_663.png,83,78,,,,1
rim_664.png,38,92,76,64,47.20169488482379,1
rim_665.png,48,58,65,49,19.235384061671343,1
rim_666.png,35,92,33,43,49.040799340956916,1
rim_667.png,58,99,68,59,41.23105625617661,1
rim_668.png,53,79,67,62,22.02271554554524,1
rim_669.png,48,86,32,55,34.88552708502482,1
rim_670.png,63,115,68,62,53.23532661682466,1
rim_671.png,67,88,79,79,15.0,0
rim_672.png,50,63,77,64,27.018512172212592,1
rim_673.png,41,57,75,46,35.73513677041127,1
rim_674.png,81,100,81,63,37.0,1
rim_675.png,111,57,,,,1
rim_676.png,80,112,74,93,19.924858845171276,1
rim_677.png,53,71,44,52,21.02379604162864,1
rim_678.png,74,73,,,,1
rim_679.png,84,67,57,56,29.154759474226502,1
rim_680.png,54,72,61,51,22.135943621178654,1
rim_681.png,49,89,65,64,29.68164415931166,1
rim_682.png,43,124,67,70,59.09314681077663,1
rim_683.png,47,115,68,67,52.392747589718944,1
rim_684.png,52,109,37,65,46.486557196677836,1
rim_685.png,62,98,,,,1
rim_686.png,65,72,52,46,29.068883707497267,1
rim_687.png,86,127,86,67,60.0,1
rim_688.png,96,41,106,55,17.204650534085253,1
rim_689.png,81,69,76,51,18.681541692269406,1
rim_690.png,49,57,67,38,26.1725046566048,1
rim_691.png,68,69,58,57,15.620499351813308,1
rim_692.png,21,48,,,,1
rim_693.png,39,122,50,83,40.52159917870962,1
rim_694.png,89,81,57,81,32.0,1
rim_695.png,75,56,37,97,55.90169943749474,1
rim_696.png,40,92,64,87,24.515301344262525,1
rim_697.png,88,89,71,35,56.61271941887264,1
rim_698.png,37,74,27,35,40.26164427839479,1
rim_699.png,87,103,40,106,47.095647357266465,1
rim_700.png,99,75,97,40,35.05709628591621,1
rim_701.png,41,92,56,68,28.30194339616981,1
rim_702.png,45,65,59,61,14.560219778561036,0
rim_703.png,39,68,57,45,29.206163733020468,1
rim_704.png,53,70,128,59,75.8023746329889,1
rim_705.png,35,72,49,45,30.4138126514911,1
rim_706.png,83,69,73,40,30.675723300355934,1
rim_707.png,47,78,34,58,23.853720883753127,1
rim_708.png,35,53,52,38,22.67156809750927,1
rim_709.png,83,85,83,44,41.0,1
rim_710.png,75,86,85,43,44.14748010928823,1
rim_711.png,78,41,,,,1
rim_712.png,67,78,57,57,23.259406699226016,1
rim_713.png,83,88,81,41,47.042533945356304,1
rim_714.png,112,83,99,40,44.9221548904324,1
rim_715.png,57,89,49,50,39.81205847478876,1
rim_716.png,51,84,37,71,19.1049731745428,1
rim_717.png,41,72,10,73,31.016124838541646,1
rim_718.png,44,90,63,98,20.615528128088304,1
rim_719.png,57,93,79,68,33.301651610693426,1
rim_720.png,81,56,115,56,34.0,1
rim_721.png,61,122,61,83,39.0,1
rim_722.png,93,104,95,83,21.095023109728988,1
rim_723.png,44,109,19,99,26.92582403567252,1
rim_724.png,67,57,46,38,28.319604517012593,1
rim_725.png,81,100,51,76,38.41874542459709,1
rim_726.png,58,44,,,,1
rim_727.png,84,88,68,58,34.0,1
rim_728.png,52,119,58,59,60.29925372672534,1
rim_729.png,31,58,65,56,34.058772731852805,1
rim_730.png,72,74,74,40,34.058772731852805,1
rim_731.png,68,114,22,107,46.52956049652737,1
rim_732.png,47,107,47,59,48.0,1
rim_733.png,86,68,57,62,29.614185789921695,1
rim_734.png,110,42,56,68,59.93329625508679,1
rim_735.png,48,87,57,58,30.364452901377952,1
rim_736.png,74,104,61,67,39.21734310225516,1
rim_737.png,55,72,56,27,45.0111097397076,1
rim_738.png,38,49,65,25,36.124783736376884,1
rim_739.png,88,80,65,83,23.194827009486403,1
rim_740.png,100,77,46,31,70.9365914038728,1
rim_741.png,69,105,77,88,18.788294228055936,1
rim_742.png,91,83,83,51,32.984845004941285,1
rim_743.png,102,47,,,,1
rim_744.png,19,116,86,73,79.61155694998057,1
rim_745.png,51,62,63,52,15.620499351813308,1
rim_746.png,51,54,65,52,14.142135623730951,0
rim_747.png,51,107,62,80,29.154759474226502,1
rim_748.png,104,66,73,56,32.57299494980466,1
rim_749.png,42,113,20,94,29.068883707497267,1
rim_750.png,36,91,23,56,37.33630940518894,1
rim_751.png,63,94,71,61,33.95585369269929,1
rim_752.png,42,97,50,74,24.351591323771842,1
rim_753.png,35,81,25,43,39.293765408777,1
rim_754.png,51,82,15,82,36.0,1
rim_755.png,55,81,71,75,17.08800749063506,1
rim_756.png,67,67,57,43,26.0,1
rim_757.png,38,128,,,,1
rim_758.png,92,90,85,71,20.248456731316587,1
rim_759.png,81,128,73,59,69.46221994724903,1
rim_760.png,63,77,50,46,33.61547262794322,1
rim_761.png,32,82,94,46,71.69379331573968,1
rim_762.png,91,99,69,89,24.166091947189145,1
rim_763.png,51,66,50,56,10.04987562112089,0
rim_764.png,67,79,45,53,34.058772731852805,1
rim_765.png,38,78,65,73,27.459060435491963,1
rim_766.png,61,117,68,65,52.46903848937962,1
rim_767.png,44,114,43,70,44.01136216933077,1
rim_768.png,66,120,64,47,73.02739212103907,1
rim_769.png,56,64,55,37,27.018512172212592,1
rim_770.png,97,109,93,81,28.284271247461902,1
rim_771.png,79,52,105,67,30.01666203960727,1
rim_772.png,93,82,124,67,34.438350715445125,1
rim_773.png,51,71,69,58,22.20360331117452,1
rim_774.png,64,87,68,46,41.19465984809196,1
rim_775.png,100,88,,,,1
rim_776.png,36,90,46,69,23.259406699226016,1
rim_777.png,95,76,70,85,26.570660511172846,1
rim_778.png,60,107,74,70,39.56008088970496,1
rim_779.png,33,82,52,58,30.610455730027933,1
rim_780.png,54,119,63,75,44.91102314577124,1
rim_781.png,66,92,68,35,57.0350769263968,1
rim_782.png,78,94,73,62,32.38826948140329,1
rim_783.png,99,75,81,55,26.90724809414742,1
rim_784.png,35,82,,,,1
rim_785.png,93,103,83,88,18.027756377319946,1
rim_786.png,71,72,93,57,26.627053911388696,1
rim_787.png,100,71,85,59,19.209372712298546,1
rim_788.png,73,125,70,69,56.08029957123981,1
rim_789.png,53,86,55,37,49.040799340956916,1
rim_790.png,89,103,104,91,19.209372712298546,1
rim_791.png,44,87,16,50,46.400431032480725,1
rim_792.png,42,48,74,77,43.18564576337837,1
rim_793.png,85,52,73,64,16.97056274847714,1
rim_794.png,100,82,65,85,35.12833614050059,1
rim_795.png,40,104,21,59,48.84669896727925,1
rim_796.png,92,68,,,,1
rim_797.png,41,64,63,71,23.08679276123039,1
rim_798.png,48,67,56,71,8.94427190999916,0
rim_799.png,55,80,63,71,12.041594578792296,0
rim_800.png,94,35,,,,1
rim_801.png,32,113,53,112,21.02379604162864,1
rim_802.png,72,92,63,61,32.28002478313795,1
rim_803.png,38,89,20,76,22.20360331117452,1
rim_804.png,46,61,71,71,26.92582403567252,1
rim_805.png,50,41,49,52,11.045361017187261,0
rim_806.png,50,96,71,92,21.37755832643195,1
rim_807.png,50,90,75,47,49.73932046178355,1
rim_808.png,96,114,64,64,59.36328831862332,1
rim_809.png,44,101,79,76,43.01162633521314,1
rim_810.png,59,90,70,64,28.231188426986208,1
rim_811.png,62,62,74,82,23.323807579381203,1
rim_812.png,39,70,21,49,27.65863337187866,1
rim_813.png,94,102,89,53,49.25444142409901,1
rim_814.png,31,93,34,34,59.07622195096772,1
rim_815.png,59,67,33,61,26.68332812825267,1
rim_816.png,40,107,,,,1
rim_817.png,41,87,71,49,48.41487374764082,1
rim_818.png,48,62,77,47,32.64965543462902,1
rim_819.png,41,85,25,50,38.48376280978771,1
rim_820.png,18,77,69,97,54.78138369920935,1
rim_821.png,72,110,75,57,53.08483775994799,1
rim_822.png,77,77,44,57,38.58756276314948,1
rim_823.png,40,112,28,64,49.47726750741192,1
rim_824.png,73,57,79,33,24.73863375370596,1
rim_825.png,42,110,27,95,21.213203435596427,1
rim_826.png,101,47,70,71,39.20459156782532,1
rim_827.png,99,74,69,79,30.4138126514911,1
rim_828.png,127,62,67,59,60.07495318350236,1
rim_829.png,59,79,31,61,33.28663395418648,1
rim_830.png,120,80,,,,1
rim_831.png,47,101,59,75,28.635642126552707,1
rim_832.png,51,100,50,71,29.017236257093817,1
rim_833.png,29,53,2,56,27.16615541441225,1
rim_834.png,105,58,65,56,40.049968789001575,1
rim_835.png,29,80,40,59,23.706539182259394,1
rim_836.png,58,72,62,64,8.94427190999916,0
rim_837.png,85,74,107,77,22.20360331117452,1
rim_838.png,95,79,111,65,21.2602916254693,1
rim_839.png,37,59,64,61,27.073972741361768,1
rim_840.png,57,84,39,68,24.08318915758459,1
rim_841.png,93,109,98,74,35.35533905932738,1
rim_842.png,54,46,28,8,46.04345773288535,1
rim_843.png,54,59,109,56,55.08175741568164,1
rim_844.png,67,98,69,51,47.042533945356304,1
rim_845.png,81,53,85,29,24.331050121192877,1
rim_846.png,72,60,50,68,23.40939982143925,1
rim_847.png,46,75,73,53,34.828149534535996,1
rim_848.png,43,104,47,65,39.20459156782532,1
rim_849.png,76,81,50,75,26.68332812825267,1
rim_850.png,71,52,19,37,54.120236510939236,1
rim_851.png,49,85,28,75,23.259406699226016,1
rim_852.png,54,52,80,46,26.68332812825267,1
rim_853.png,74,106,,,,1
rim_854.png,102,106,125,97,24.698178070456937,1
rim_855.png,59,70,53,52,18.973665961010276,1
rim_856.png,35,101,62,92,28.460498941515414,1
rim_857.png,27,76,4,70,23.769728648009426,1
rim_858.png,45,97,79,88,35.17101079013795,1
rim_859.png,87,114,89,80,34.058772731852805,1
rim_860.png,49,55,79,45,31.622776601683793,1
rim_861.png,84,76,56,62,31.304951684997057,1
rim_862.png,26,75,,,,1
rim_863.png,97,99,83,76,26.92582403567252,1
rim_864.png,77,75,47,65,31.622776601683793,1
rim_865.png,53,64,57,91,27.294688127912362,1
rim_866.png,72,92,,,,1
rim_867.png,94,107,82,86,24.186773244895647,1
rim_868.png,60,77,51,59,20.12461179749811,1
rim_869.png,84,106,65,73,38.07886552931954,1
rim_870.png,80,109,83,61,48.093658625644196,1
rim_871.png,79,78,100,63,25.80697580112788,1
rim_872.png,72,104,50,58,50.99019513592785,1
rim_873.png,64,82,87,56,34.713109915419565,1
rim_874.png,70,92,68,71,21.095023109728988,1
rim_875.png,83,56,57,64,27.202941017470888,1
rim_876.png,35,68,17,43,30.805843601498726,1
rim_877.png,48,106,68,95,22.825424421026653,1
rim_878.png,74,65,86,40,27.730849247724095,1
rim_879.png,72,72,49,56,28.0178514522438,1
rim_880.png,84,71,67,55,23.345235059857504,1
rim_881.png,53,74,65,49,27.730849247724095,1
rim_882.png,52,103,65,89,19.1049731745428,1
rim_883.png,61,100,73,74,28.635642126552707,1
rim_884.png,97,90,,,,1
rim_885.png,80,52,62,53,18.027756377319946,1
rim_886.png,81,93,63,74,26.1725046566048,1
rim_887.png,76,71,45,65,31.575306807693888,1
rim_888.png,35,104,65,95,31.32091952673165,1
rim_889.png,39,103,52,70,35.4682957019364,1
rim_890.png,71,65,49,49,27.202941017470888,1
rim_891.png,58,62,58,73,11.0,0
rim_892.png,62,101,37,98,25.179356624028344,1
rim_893.png,38,42,,,,1
rim_894.png,84,95,69,69,30.01666203960727,1
rim_895.png,72,70,56,81,19.4164878389476,1
rim_896.png,82,102,71,79,25.495097567963924,1
rim_897.png,40,83,67,77,27.65863337187866,1
rim_898.png,52,32,55,67,35.12833614050059,1
rim_899.png,56,88,55,61,27.018512172212592,1
rim_900.png,42,72,69,71,27.018512172212592,1
rim_901.png,31,93,19,79,18.439088914585774,1
rim_902.png,76,43,74,77,34.058772731852805,1
rim_903.png,104,61,,,,1
rim_904.png,43,79,68,68,27.313000567495326,1
rim_905.png,54,106,68,75,34.0147027033899,1
rim_906.png,76,102,99,56,51.42956348249516,1
rim_907.png,84,71,64,57,24.413111231467404,1
rim_908.png,65,74,88,63,25.495097567963924,1
rim_909.png,70,127,51,93,38.948684188300895,1
rim_910.png,90,79,65,77,25.079872407968907,1
rim_911.png,69,97,59,61,37.36308338453881,1
rim_912.png,20,104,56,50,64.89992295835181,1
rim_913.png,77,40,40,50,38.3275357934736,1
rim_914.png,73,75,,,,1
rim_915.png,51,98,58,32,66.37017402418047,1
rim_916.png,24,94,46,98,22.360679774997898,1
rim_917.png,111,60,109,49,11.180339887498949,0
rim_918.png,90,109,104,97,18.439088914585774,1
rim_919.png,69,57,65,39,18.439088914585774,1
rim_920.png,46,98,62,76,27.202941017470888,1
rim_921.png,98,126,87,106,22.825424421026653,1
rim_922.png,59,77,88,76,29.017236257093817,1
rim_923.png,45,74,63,51,29.206163733020468,1
rim_924.png,35,84,55,76,21.540659228538015,1
rim_925.png,45,73,33,53,23.323807579381203,1
rim_926.png,68,85,,,,1
rim_927.png,23,114,56,65,59.07622195096772,1
rim_928.png,22,55,13,26,30.364452901377952,1
rim_929.png,91,99,82,58,41.97618372363071,1
rim_930.png,85,78,67,56,28.42534080710379,1
rim_931.png,75,56,81,80,24.73863375370596,1
rim_932.png,77,71,65,58,17.69180601295413,1
rim_933.png,82,111,104,83,35.608987629529715,1
rim_934.png,92,73,106,32,43.32435804486894,1
rim_935.png,65,96,63,64,32.0624390837628,1
rim_936.png,77,79,61,67,20.0,1
rim_937.png,86,45,55,46,31.016124838541646,1
rim_938.png,64,75,57,50,25.96150997149434,1
rim_939.png,74,122,70,79,43.18564576337837,1
rim_940.png,78,83,88,51,33.52610922848042,1
rim_941.png,56,95,58,65,30.066592756745816,1
rim_942.png,98,74,109,44,31.953090617340916,1
rim_943.png,82,115,69,82,35.4682957019364,1
rim_944.png,47,100,52,82,18.681541692269406,1
rim_945.png,100,84,85,49,38.07886552931954,1
rim_946.png,68,67,46,76,23.769728648009426,1
rim_947.png,58,102,57,55,47.01063709417264,1
rim_948.png,58,97,35,69,36.235341863986875,1
rim_949.png,65,73,43,65,23.40939982143925,1
rim_950.png,70,84,113,101,46.238512086787566,1
rim_951.png,96,61,55,59,41.048751503547585,1
rim_952.png,58,80,62,43,37.21558813185679,1
rim_953.png,66,119,80,93,29.5296461204668,1
rim_954.png,32,80,53,73,22.135943621178654,1
rim_955.png,75,81,21,67,55.78530272392541,1
rim_956.png,78,90,70,45,45.70557952810576,1
rim_957.png,95,60,77,41,26.1725046566048,1
rim_958.png,76,119,80,88,31.25699921617557,1
rim_959.png,93,43,87,62,19.924858845171276,1
rim_960.png,92,106,103,71,36.68787265568828,1
rim_961.png,72,110,59,92,22.20360331117452,1
rim_962.png,37,52,63,38,29.5296461204668,1
rim_963.png,71,91,65,55,36.49657518178932,1
rim_964.png,46,118,71,94,34.655446902326915,1
rim_965.png,51,81,,,,1
rim_966.png,85,100,67,51,52.20153254455275,1
rim_967.png,81,101,64,70,35.35533905932738,1
rim_968.png,49,57,64,46,18.601075237738275,1
rim_969.png,86,84,118,81,32.14031735997639,1
rim_970.png,76,114,53,98,28.0178514522438,1
rim_971.png,97,63,63,62,34.0147027033899,1
rim_972.png,30,46,63,56,34.48187929913333,1
rim_973.png,91,68,75,57,19.4164878389476,1
rim_974.png,54,99,53,79,20.024984394500787,1
rim_975.png,19,74,,,,1
rim_976.png,35,122,53,106,24.08318915758459,1
rim_977.png,60,95,,,,1
rim_978.png,99,75,69,47,41.036569057366385,1
rim_979.png,104,49,74,49,30.0,1
rim_980.png,44,80,56,58,25.059928172283335,1
rim_981.png,78,92,68,63,30.675723300355934,1
rim_982.png,58,107,57,49,58.008620049092706,1
rim_983.png,69,127,19,55,87.65842800324451,1
rim_984.png,20,42,,,,1
rim_985.png,39,101,47,67,34.92849839314596,1
rim_986.png,49,74,55,76,6.324555320336759,0
rim_987.png,99,91,81,71,26.90724809414742,1
rim_988.png,101,125,104,80,45.09988913511872,1
rim_989.png,107,66,,,,1
rim_990.png,99,77,55,82,44.28317965096906,1
rim_991.png,58,52,71,58,14.317821063276353,0
rim_992.png,46,67,67,43,31.89043743820395,1
rim_993.png,56,92,75,59,38.07886552931954,1
rim_994.png,100,120,,,,1
rim_995.png,40,79,64,52,36.124783736376884,1
rim_996.png,75,72,62,51,24.698178070456937,1
rim_997.png,43,81,68,71,26.92582403567252,1
rim_998.png,69,98,52,56,45.31004303683677,1
rim_999.png,41,51,77,81,46.861498055439924,1
