filename,gt_x_px,gt_y_px
rim_000.png,38,113
rim_001.png,102,61
rim_002.png,42,68
rim_003.png,49,69
rim_004.png,68,66
rim_005.png,61,64
rim_006.png,71,105
rim_007.png,30,76
rim_008.png,23,40
rim_009.png,53,76
rim_010.png,72,67
rim_011.png,96,64
rim_012.png,81,93
rim_013.png,80,107
rim_014.png,73,109
rim_015.png,60,127
rim_016.png,77,58
rim_017.png,72,76
rim_018.png,67,105
rim_019.png,66,77
rim_020.png,59,48
rim_021.png,88,70
rim_022.png,65,68
rim_023.png,77,55
rim_024.png,56,65
rim_025.png,82,60
rim_026.png,57,112
rim_027.png,36,93
rim_028.png,73,112
rim_029.png,48,69
rim_030.png,69,106
rim_031.png,68,69
rim_032.png,57,123
rim_033.png,32,74
rim_034.png,91,116
rim_035.png,69,88
rim_036.png,64,119
rim_037.png,98,105
rim_038.png,51,88
rim_039.png,59,118
rim_040.png,95,51
rim_041.png,29,76
rim_042.png,62,81
rim_043.png,86,61
rim_044.png,72,83
rim_045.png,34,106
rim_046.png,99,97
rim_047.png,70,52
rim_048.png,80,90
rim_049.png,70,77
rim_050.png,72,77
rim_051.png,38,28
rim_052.png,91,57
rim_053.png,85,93
rim_054.png,61,59
rim_055.png,57,76
rim_056.png,79,101
rim_057.png,97,118
rim_058.png,54,113
rim_059.png,51,63
rim_060.png,33,87
rim_061.png,73,54
rim_062.png,34,59
rim_063.png,64,109
rim_064.png,40,104
rim_065.png,51,69
rim_066.png,66,54
rim_067.png,84,61
rim_068.png,50,89
rim_069.png,72,89
rim_070.png,60,72
rim_071.png,89,70
rim_072.png,61,51
rim_073.png,86,114
rim_074.png,40,75
rim_075.png,91,78
rim_076.png,79,121
rim_077.png,36,60
rim_078.png,80,68
rim_079.png,100,52
rim_080.png,81,67
rim_081.png,57,61
rim_082.png,49,63
rim_083.png,57,80
rim_084.png,29,58
rim_085.png,53,115
rim_086.png,84,63
rim_087.png,39,119
rim_088.png,31,70
rim_089.png,92,111
rim_090.png,86,95
rim_091.png,53,108
rim_092.png,53,63
rim_093.png,105,62
rim_094.png,71,101
rim_095.png,96,114
rim_096.png,53,75
rim_097.png,91,110
rim_098.png,91,124
rim_099.png,93,32
rim_100.png,94,79
rim_101.png,87,65
rim_102.png,37,111
rim_103.png,96,62
rim_104.png,34,91
rim_105.png,72,63
rim_106.png,57,77
rim_107.png,94,58
rim_108.png,85,117
rim_109.png,21,31
rim_110.png,36,52
rim_111.png,43,98
rim_112.png,67,117
rim_113.png,60,75
rim_114.png,81,71
rim_115.png,49,64
rim_116.png,48,57
rim_117.png,74,69
rim_118.png,91,73
rim_119.png,23,118
rim_120.png,80,77
rim_121.png,25,83
rim_122.png,66,65
rim_123.png,31,73
rim_124.png,58,84
rim_125.png,71,73
rim_126.png,68,104
rim_127.png,67,69
rim_128.png,90,85
rim_129.png,44,69
rim_130.png,84,100
rim_131.png,37,71
rim_132.png,46,81
rim_133.png,78,90
rim_134.png,57,88
rim_135.png,33,79
rim_136.png,66,64
rim_137.png,50,59
rim_138.png,108,117
rim_139.png,56,110
rim_140.png,44,60
rim_141.png,68,75
rim_142.png,69,79
rim_143.png,36,85
rim_144.png,43,55
rim_145.png,71,50
rim_146.png,69,64
rim_147.png,96,91
rim_148.png,56,64
rim_149.png,78,65
rim_150.png,41,96
rim_151.png,60,60
rim_152.png,50,109
rim_153.png,109,84
rim_154.png,68,75
rim_155.png,73,87
rim_156.png,68,102
rim_157.png,62,98
rim_158.png,114,99
rim_159.png,87,98
rim_160.png,49,71
rim_161.png,54,52
rim_162.png,79,65
rim_163.png,94,102
rim_164.png,42,75
rim_165.png,76,127
rim_166.png,52,59
rim_167.png,31,67
rim_168.png,63,105
rim_169.png,44,85
rim_170.png,83,103
rim_171.png,90,82
rim_172.png,101,122
rim_173.png,59,101
rim_174.png,68,90
rim_175.png,36,101
rim_176.png,114,58
rim_177.png,97,85
rim_178.png,72,64
rim_179.png,30,79
rim_180.png,83,58
rim_181.png,33,89
rim_182.png,45,108
rim_183.png,100,73
rim_184.png,43,81
rim_185.png,47,49
rim_186.png,90,116
rim_187.png,106,42
rim_188.png,39,76
rim_189.png,91,48
rim_190.png,45,109
rim_191.png,71,114
rim_192.png,70,75
rim_193.png,108,123
rim_194.png,124,100
rim_195.png,58,74
rim_196.png,26,76
rim_197.png,92,122
rim_198.png,70,53
rim_199.png,33,86
rim_200.png,94,70
rim_201.png,95,80
rim_202.png,44,84
rim_203.png,65,73
rim_204.png,92,109
rim_205.png,23,64
rim_206.png,76,67
rim_207.png,36,74
rim_208.png,60,54
rim_209.png,85,76
rim_210.png,118,83
rim_211.png,62,105
rim_212.png,45,62
rim_213.png,82,84
rim_214.png,49,66
rim_215.png,34,74
rim_216.png,100,47
rim_217.png,83,70
rim_218.png,111,71
rim_219.png,50,73
rim_220.png,99,43
rim_221.png,86,87
rim_222.png,34,75
rim_223.png,68,101
rim_224.png,83,47
rim_225.png,87,115
rim_226.png,64,86
rim_227.png,34,55
rim_228.png,68,89
rim_229.png,95,68
rim_230.png,46,45
rim_231.png,52,107
rim_232.png,72,78
rim_233.png,65,72
rim_234.png,75,106
rim_235.png,44,70
rim_236.png,51,99
rim_237.png,89,66
rim_238.png,28,84
rim_239.png,98,63
rim_240.png,43,123
rim_241.png,76,103
rim_242.png,42,77
rim_243.png,101,79
rim_244.png,51,59
rim_245.png,41,109
rim_246.png,23,63
rim_247.png,33,83
rim_248.png,97,81
rim_249.png,92,97
rim_250.png,77,63
rim_251.png,75,102
rim_252.png,60,106
rim_253.png,48,75
rim_254.png,91,127
rim_255.png,41,89
rim_256.png,40,106
rim_257.png,39,52
rim_258.png,47,76
rim_259.png,67,95
rim_260.png,71,58
rim_261.png,46,59
rim_262.png,83,98
rim_263.png,64,102
rim_264.png,96,59
rim_265.png,39,94
rim_266.png,68,101
rim_267.png,57,65
rim_268.png,95,109
rim_269.png,69,81
rim_270.png,28,97
rim_271.png,45,95
rim_272.png,70,97
rim_273.png,45,116
rim_274.png,34,102
rim_275.png,16,86
rim_276.png,81,81
rim_277.png,79,63
rim_278.png,38,88
rim_279.png,62,71
rim_280.png,79,112
rim_281.png,55,62
rim_282.png,56,61
rim_283.png,42,67
rim_284.png,45,81
rim_285.png,58,79
rim_286.png,40,120
rim_287.png,32,60
rim_288.png,51,60
rim_289.png,94,55
rim_290.png,55,63
rim_291.png,62,50
rim_292.png,98,67
rim_293.png,87,77
rim_294.png,45,66
rim_295.png,44,116
rim_296.png,84,54
rim_297.png,81,85
rim_298.png,95,112
rim_299.png,76,81
rim_300.png,40,70
rim_301.png,76,43
rim_302.png,92,97
rim_303.png,70,79
rim_304.png,56,89
rim_305.png,92,57
rim_306.png,39,79
rim_307.png,56,77
rim_308.png,52,82
rim_309.png,22,117
rim_310.png,64,83
rim_311.png,25,121
rim_312.png,59,55
rim_313.png,59,86
rim_314.png,77,105
rim_315.png,29,47
rim_316.png,93,52
rim_317.png,34,94
rim_318.png,52,101
rim_319.png,47,59
rim_320.png,71,45
rim_321.png,32,127
rim_322.png,46,113
rim_323.png,57,111
rim_324.png,44,90
rim_325.png,66,111
rim_326.png,68,84
rim_327.png,37,88
rim_328.png,81,65
rim_329.png,56,65
rim_330.png,88,113
rim_331.png,37,65
rim_332.png,42,94
rim_333.png,72,50
rim_334.png,50,94
rim_335.png,73,62
rim_336.png,91,59
rim_337.png,70,108
rim_338.png,92,104
rim_339.png,78,103
rim_340.png,33,93
rim_341.png,22,94
rim_342.png,50,67
rim_343.png,59,110
rim_344.png,30,73
rim_345.png,61,118
rim_346.png,92,113
rim_347.png,96,91
rim_348.png,53,79
rim_349.png,34,86
rim_350.png,44,70
rim_351.png,36,74
rim_352.png,32,88
rim_353.png,34,118
rim_354.png,87,122
rim_355.png,23,52
rim_356.png,78,72
rim_357.png,75,70
rim_358.png,41,100
rim_359.png,72,83
rim_360.png,58,110
rim_361.png,63,103
rim_362.png,51,66
rim_363.png,90,70
rim_364.png,82,120
rim_365.png,35,109
rim_366.png,30,70
rim_367.png,63,80
rim_368.png,40,80
rim_369.png,37,108
rim_370.png,48,76
rim_371.png,109,97
rim_372.png,29,51
rim_373.png,40,63
rim_374.png,71,91
rim_375.png,41,108
rim_376.png,74,95
rim_377.png,35,46
rim_378.png,65,103
rim_379.png,45,48
rim_380.png,89,51
rim_381.png,64,91
rim_382.png,67,67
rim_383.png,29,83
rim_384.png,26,106
rim_385.png,46,71
rim_386.png,56,95
rim_387.png,24,99
rim_388.png,95,39
rim_389.png,53,104
rim_390.png,43,63
rim_391.png,48,61
rim_392.png,24,108
rim_393.png,78,66
rim_394.png,73,58
rim_395.png,72,125
rim_396.png,84,60
rim_397.png,43,90
rim_398.png,72,103
rim_399.png,54,61
rim_400.png,29,81
rim_401.png,28,59
rim_402.png,84,63
rim_403.png,63,106
rim_404.png,84,93
rim_405.png,43,97
rim_406.png,69,121
rim_407.png,83,67
rim_408.png,93,62
rim_409.png,74,86
rim_410.png,72,70
rim_411.png,71,81
rim_412.png,101,93
rim_413.png,53,101
rim_414.png,44,73
rim_415.png,99,76
rim_416.png,65,55
rim_417.png,82,128
rim_418.png,35,55
rim_419.png,63,86
rim_420.png,92,77
rim_421.png,66,86
rim_422.png,71,59
rim_423.png,43,116
rim_424.png,54,86
rim_425.png,76,52
rim_426.png,66,109
rim_427.png,61,72
rim_428.png,37,107
rim_429.png,82,111
rim_430.png,68,76
rim_431.png,55,110
rim_432.png,106,71
rim_433.png,94,72
rim_434.png,25,58
rim_435.png,74,45
rim_436.png,42,73
rim_437.png,77,74
rim_438.png,93,122
rim_439.png,59,67
rim_440.png,81,66
rim_441.png,47,73
rim_442.png,41,72
rim_443.png,47,73
rim_444.png,84,111
rim_445.png,63,57
rim_446.png,77,107
rim_447.png,75,31
rim_448.png,49,79
rim_449.png,59,63
rim_450.png,34,49
rim_451.png,52,50
rim_452.png,65,95
rim_453.png,95,68
rim_454.png,59,73
rim_455.png,23,96
rim_456.png,79,113
rim_457.png,78,91
rim_458.png,90,100
rim_459.png,88,67
rim_460.png,69,68
rim_461.png,42,98
rim_462.png,89,42
rim_463.png,72,56
rim_464.png,59,53
rim_465.png,75,46
rim_466.png,60,120
rim_467.png,64,90
rim_468.png,53,102
rim_469.png,89,66
rim_470.png,45,62
rim_471.png,61,38
rim_472.png,51,57
rim_473.png,58,116
rim_474.png,78,113
rim_475.png,88,83
rim_476.png,68,70
rim_477.png,101,64
rim_478.png,67,113
rim_479.png,66,79
rim_480.png,101,67
rim_481.png,45,75
rim_482.png,95,109
rim_483.png,49,86
rim_484.png,66,51
rim_485.png,46,113
rim_486.png,93,65
rim_487.png,83,106
rim_488.png,76,72
rim_489.png,44,58
rim_490.png,78,100
rim_491.png,75,67
rim_492.png,55,77
rim_493.png,45,67
rim_494.png,39,89
rim_495.png,36,77
rim_496.png,92,82
rim_497.png,40,67
rim_498.png,25,123
rim_499.png,47,78
rim_500.png,82,84
rim_501.png,36,49
rim_502.png,59,86
rim_503.png,72,91
rim_504.png,77,93
rim_505.png,47,69
rim_506.png,64,87
rim_507.png,57,102
rim_508.png,61,69
rim_509.png,48,113
rim_510.png,87,65
rim_511.png,72,93
rim_512.png,77,120
rim_513.png,69,71
rim_514.png,45,70
rim_515.png,44,96
rim_516.png,58,56
rim_517.png,68,93
rim_518.png,82,66
rim_519.png,46,46
rim_520.png,51,110
rim_521.png,107,98
rim_522.png,91,74
rim_523.png,94,57
rim_524.png,50,117
rim_525.png,72,101
rim_526.png,57,86
rim_527.png,30,90
rim_528.png,102,76
rim_529.png,40,110
rim_530.png,64,55
rim_531.png,80,103
rim_532.png,102,36
rim_533.png,84,74
rim_534.png,30,122
rim_535.png,86,86
rim_536.png,63,85
rim_537.png,51,83
rim_538.png,57,99
rim_539.png,81,53
rim_540.png,54,102
rim_541.png,79,103
rim_542.png,43,77
rim_543.png,95,58
rim_544.png,81,45
rim_545.png,63,67
rim_546.png,63,113
rim_547.png,74,89
rim_548.png,80,88
rim_549.png,53,48
rim_550.png,88,118
rim_551.png,41,62
rim_552.png,95,103
rim_553.png,57,78
rim_554.png,42,100
rim_555.png,92,118
rim_556.png,76,63
rim_557.png,54,84
rim_558.png,54,51
rim_559.png,102,94
rim_560.png,74,79
rim_561.png,70,84
rim_562.png,60,58
rim_563.png,102,54
rim_564.png,57,82
rim_565.png,91,79
rim_566.png,28,72
rim_567.png,100,88
rim_568.png,74,56
rim_569.png,68,103
rim_570.png,34,78
rim_571.png,36,44
rim_572.png,28,56
rim_573.png,69,104
rim_574.png,73,88
rim_575.png,60,70
rim_576.png,80,127
rim_577.png,60,87
rim_578.png,50,83
rim_579.png,81,112
rim_580.png,55,59
rim_581.png,34,125
rim_582.png,69,91
rim_583.png,86,73
rim_584.png,90,73
rim_585.png,100,68
rim_586.png,51,102
rim_587.png,31,70
rim_588.png,82,100
rim_589.png,103,109
rim_590.png,86,113
rim_591.png,30,97
rim_592.png,21,56
rim_593.png,76,85
rim_594.png,90,66
rim_595.png,29,85
rim_596.png,58,72
rim_597.png,87,68
rim_598.png,60,68
rim_599.png,60,118
rim_600.png,39,53
rim_601.png,65,91
rim_602.png,30,39
rim_603.png,42,96
rim_604.png,28,73
rim_605.png,86,103
rim_606.png,86,59
rim_607.png,110,46
rim_608.png,122,123
rim_609.png,27,120
rim_610.png,109,96
rim_611.png,43,81
rim_612.png,64,66
rim_613.png,62,111
rim_614.png,23,121
rim_615.png,43,65
rim_616.png,104,45
rim_617.png,52,43
rim_618.png,41,75
rim_619.png,74,86
rim_620.png,86,68
rim_621.png,61,94
rim_622.png,56,93
rim_623.png,28,57
rim_624.png,44,61
rim_625.png,69,54
rim_626.png,44,73
rim_627.png,54,113
rim_628.png,66,77
rim_629.png,51,55
rim_630.png,64,95
rim_631.png,34,38
rim_632.png,92,82
rim_633.png,88,42
rim_634.png,34,102
rim_635.png,89,92
rim_636.png,46,100
rim_637.png,63,66
rim_638.png,59,58
rim_639.png,77,126
rim_640.png,79,87
rim_641.png,87,57
rim_642.png,90,115
rim_643.png,65,101
rim_644.png,53,125
rim_645.png,36,56
rim_646.png,71,128
rim_647.png,64,100
rim_648.png,71,72
rim_649.png,121,75
rim_650.png,34,92
rim_651.png,38,117
rim_652.png,77,94
rim_653.png,74,91
rim_654.png,72,102
rim_655.png,50,89
rim_656.png,80,56
rim_657.png,28,121
rim_658.png,76,91
rim_659.png,71,50
rim_660.png,47,69
rim_661.png,60,58
rim_662.png,80,120
rim_663.png,83,78
rim_664.png,38,92
rim_665.png,48,58
rim_666.png,35,92
rim_667.png,58,99
rim_668.png,53,79
rim_669.png,48,86
rim_670.png,63,115
rim_671.png,67,88
rim_672.png,50,63
rim_673.png,41,57
rim_674.png,81,100
rim_675.png,111,57
rim_676.png,80,112
rim_677.png,53,71
rim_678.png,74,73
rim_679.png,84,67
rim_680.png,54,72
rim_681.png,49,89
rim_682.png,43,124
rim_683.png,47,115
rim_684.png,52,109
rim_685.png,62,98
rim_686.png,65,72
rim_687.png,86,127
rim_688.png,96,41
rim_689.png,81,69
rim_690.png,49,57
rim_691.png,68,69
rim_692.png,21,48
rim_693.png,39,122
rim_694.png,89,81
rim_695.png,75,56
rim_696.png,40,92
rim_697.png,88,89
rim_698.png,37,74
rim_699.png,87,103
rim_700.png,99,75
rim_701.png,41,92
rim_702.png,45,65
rim_703.png,39,68
rim_704.png,53,70
rim_705.png,35,72
rim_706.png,83,69
rim_707.png,47,78
rim_708.png,35,53
rim_709.png,83,85
rim_710.png,75,86
rim_711.png,78,41
rim_712.png,67,78
rim_713.png,83,88
rim_714.png,112,83
rim_715.png,57,89
rim_716.png,51,84
rim_717.png,41,72
rim_718.png,44,90
rim_719.png,57,93
rim_720.png,81,56
rim_721.png,61,122
rim_722.png,93,104
rim_723.png,44,109
rim_724.png,67,57
rim_725.png,81,100
rim_726.png,58,44
rim_727.png,84,88
rim_728.png,52,119
rim_729.png,31,58
rim_730.png,72,74
rim_731.png,68,114
rim_732.png,47,107
rim_733.png,86,68
rim_734.png,110,42
rim_735.png,48,87
rim_736.png,74,104
rim_737.png,55,72
rim_738.png,38,49
rim_739.png,88,80
rim_740.png,100,77
rim_741.png,69,105
rim_742.png,91,83
rim_743.png,102,47
rim_744.png,19,116
rim_745.png,51,62
rim_746.png,51,54
rim_747.png,51,107
rim_748.png,104,66
rim_749.png,42,113
rim_750.png,36,91
rim_751.png,63,94
rim_752.png,42,97
rim_753.png,35,81
rim_754.png,51,82
rim_755.png,55,81
rim_756.png,67,67
rim_757.png,38,128
rim_758.png,92,90
rim_759.png,81,128
rim_760.png,63,77
rim_761.png,32,82
rim_762.png,91,99
rim_763.png,51,66
rim_764.png,67,79
rim_765.png,38,78
rim_766.png,61,117
rim_767.png,44,114
rim_768.png,66,120
rim_769.png,56,64
rim_770.png,97,109
rim_771.png,79,52
rim_772.png,93,82
rim_773.png,51,71
rim_774.png,64,87
rim_775.png,100,88
rim_776.png,36,90
rim_777.png,95,76
rim_778.png,60,107
rim_779.png,33,82
rim_780.png,54,119
rim_781.png,66,92
rim_782.png,78,94
rim_783.png,99,75
rim_784.png,35,82
rim_785.png,93,103
rim_786.png,71,72
rim_787.png,100,71
rim_788.png,73,125
rim_789.png,53,86
rim_790.png,89,103
rim_791.png,44,87
rim_792.png,42,48
rim_793.png,85,52
rim_794.png,100,82
rim_795.png,40,104
rim_796.png,92,68
rim_797.png,41,64
rim_798.png,48,67
rim_799.png,55,80
rim_800.png,94,35
rim_801.png,32,113
rim_802.png,72,92
rim_803.png,38,89
rim_804.png,46,61
rim_805.png,50,41
rim_806.png,50,96
rim_807.png,50,90
rim_808.png,96,114
rim_809.png,44,101
rim_810.png,59,90
rim_811.png,62,62
rim_812.png,39,70
rim_813.png,94,102
rim_814.png,31,93
rim_815.png,59,67
rim_816.png,40,107
rim_817.png,41,87
rim_818.png,48,62
rim_819.png,41,85
rim_820.png,18,77
rim_821.png,72,110
rim_822.png,77,77
rim_823.png,40,112
rim_824.png,73,57
rim_825.png,42,110
rim_826.png,101,47
rim_827.png,99,74
rim_828.png,127,62
rim_829.png,59,79
rim_830.png,120,80
rim_831.png,47,101
rim_832.png,51,100
rim_833.png,29,53
rim_834.png,105,58
rim_835.png,29,80
rim_836.png,58,72
rim_837.png,85,74
rim_838.png,95,79
rim_839.png,37,59
rim_840.png,57,84
rim_841.png,93,109
rim_842.png,54,46
rim_843.png,54,59
rim_844.png,67,98
rim_845.png,81,53
rim_846.png,72,60
rim_847.png,46,75
rim_848.png,43,104
rim_849.png,76,81
rim_850.png,71,52
rim_851.png,49,85
rim_852.png,54,52
rim_853.png,74,106
rim_854.png,102,106
rim_855.png,59,70
rim_856.png,35,101
rim_857.png,27,76
rim_858.png,45,97
rim_859.png,87,114
rim_860.png,49,55
rim_861.png,84,76
rim_862.png,26,75
rim_863.png,97,99
rim_864.png,77,75
rim_865.png,53,64
rim_866.png,72,92
rim_867.png,94,107
rim_868.png,60,77
rim_869.png,84,106
rim_870.png,80,109
rim_871.png,79,78
rim_872.png,72,104
rim_873.png,64,82
rim_874.png,70,92
rim_875.png,83,56
rim_876.png,35,68
rim_877.png,48,106
rim_878.png,74,65
rim_879.png,72,72
rim_880.png,84,71
rim_881.png,53,74
rim_882.png,52,103
rim_883.png,61,100
rim_884.png,97,90
rim_885.png,80,52
rim_886.png,81,93
rim_887.png,76,71
rim_888.png,35,104
rim_889.png,39,103
rim_890.png,71,65
rim_891.png,58,62
rim_892.png,62,101
rim_893.png,38,42
rim_894.png,84,95
rim_895.png,72,70
rim_896.png,82,102
rim_897.png,40,83
rim_898.png,52,32
rim_899.png,56,88
rim_900.png,42,72
rim_901.png,31,93
rim_902.png,76,43
rim_903.png,104,61
rim_904.png,43,79
rim_905.png,54,106
rim_906.png,76,102
rim_907.png,84,71
rim_908.png,65,74
rim_909.png,70,127
rim_910.png,90,79
rim_911.png,69,97
rim_912.png,20,104
rim_913.png,77,40
rim_914.png,73,75
rim_915.png,51,98
rim_916.png,24,94
rim_917.png,111,60
rim_918.png,90,109
rim_919.png,69,57
rim_920.png,46,98
rim_921.png,98,126
rim_922.png,59,77
rim_923.png,45,74
rim_924.png,35,84
rim_925.png,45,73
rim_926.png,68,85
rim_927.png,23,114
rim_928.png,22,55
rim_929.png,91,99
rim_930.png,85,78
rim_931.png,75,56
rim_932.png,77,71
rim_933.png,82,111
rim_934.png,92,73
rim_935.png,65,96
rim_936.png,77,79
rim_937.png,86,45
rim_938.png,64,75
rim_939.png,74,122
rim_940.png,78,83
rim_941.png,56,95
rim_942.png,98,74
rim_943.png,82,115
rim_944.png,47,100
rim_945.png,100,84
rim_946.png,68,67
rim_947.png,58,102
rim_948.png,58,97
rim_949.png,65,73
rim_950.png,70,84
rim_951.png,96,61
rim_952.png,58,80
rim_953.png,66,119
rim_954.png,32,80
rim_955.png,75,81
rim_956.png,78,90
rim_957.png,95,60
rim_958.png,76,119
rim_959.png,93,43
rim_960.png,92,106
rim_961.png,72,110
rim_962.png,37,52
rim_963.png,71,91
rim_964.png,46,118
rim_965.png,51,81
rim_966.png,85,100
rim_967.png,81,101
rim_968.png,49,57
rim_969.png,86,84
rim_970.png,76,114
rim_971.png,97,63
rim_972.png,30,46
rim_973.png,91,68
rim_974.png,54,99
rim_975.png,19,74
rim_976.png,35,122
rim_977.png,60,95
rim_978.png,99,75
rim_979.png,104,49
rim_980.png,44,80
rim_981.png,78,92
rim_982.png,58,107
rim_983.png,69,127
rim_984.png,20,42
rim_985.png,39,101
rim_986.png,49,74
rim_987.png,99,91
rim_988.png,101,125
rim_989.png,107,66
rim_990.png,99,77
rim_991.png,58,52
rim_992.png,46,67
rim_993.png,56,92
rim_994.png,100,120
rim_995.png,40,79
rim_996.png,75,72
rim_997.png,43,81
rim_998.png,69,98
rim_999.png,41,51
